Random Forest,Neural Network
0.6285714285714286,0.6285714285714286
0.6842105263157895,0.6842105263157895
0.65,0.65
0.6666666666666666,0.6666666666666666
0.6616666666666666,0.6433333333333334
